UpazName,UpazGeoCod,EmplydMale,EmplydFeml,7PlsNASBoth,7PlsNASMale,7PlsNASFeml,LokWrkMale,LokWrkFeml,HHWorkMale,HHWrkMaFem,DntWrkMale,DntWrkFeml
Amtali,10040009,8687,619,25805,11404,14402,244,72,507,10823,1965,2888
Bamna,10040019,2812,133,9112,3934,5178,30,10,317,3836,775,1199
Barguna Sadar,10040028,10984,852,34211,15072,19139,237,63,1149,13732,2702,4492
Betagi,10040047,5485,370,19172,8066,11106,86,35,822,8215,1673,2486
Patharghata,10040085,5671,339,16281,7651,8630,110,40,339,5972,1531,2279
Taltali,10040090,7876,561,23395,10338,13056,221,65,460,9811,1782,2619
Agailjhara,10060002,6818,613,22906,9283,13623,55,31,299,9402,2111,3577
Babuganj,10060003,7194,288,21198,9425,11773,55,28,225,8471,1951,2986
Bakerganj,10060007,18080,802,54560,23808,30752,315,82,654,22971,4759,6897
Banaripara,10060010,6213,423,18905,8277,10628,83,26,217,7404,1764,2775
Gaurnadi,10060032,11815,544,35993,15752,20241,103,48,421,14756,3413,4893
Hijla,10060036,15681,686,38058,19594,18464,175,65,276,14664,3462,3049
Barishal Sadar (Kotwali),10060051,19814,3108,56125,26279,29846,337,103,587,18958,5540,7676
Mehendiganj,10060062,27916,1241,68318,34955,33363,313,144,485,25112,6241,6866
Muladi,10060069,13669,989,39344,17764,21580,168,91,325,16457,3602,4043
Ujirpur,10060094,11592,670,35335,15044,20291,90,47,227,14317,3135,5257
Barishal Sadar (Kotwali),10065051,4773,749,13519,6330,7189,81,25,142,4567,1335,1849
Bhola Sadar,10090018,49771,1860,125761,62554,63207,554,233,525,49408,11704,11706
Borhanuddin,10090021,26109,1434,70562,32938,37624,297,141,493,29183,6039,6866
Charfasson,10090025,52815,1967,135428,67379,68049,1042,266,903,52943,12619,12873
Daulatkhan,10090029,18719,897,48127,23357,24770,226,101,260,19049,4152,4723
Lalmohan,10090054,34347,1751,94154,43619,50535,667,274,808,39727,7797,8783
Monpura,10090065,10636,360,26611,13511,13100,196,46,134,10429,2545,2265
Tazumuddin,10090091,15528,885,38035,18914,19121,216,103,233,15318,2937,2815
Jhalokathi Sadar,10420040,8797,590,27510,12374,15136,126,48,283,9927,3168,4571
Kanthalia,10420043,5083,307,15833,7039,8794,89,34,312,6271,1555,2182
Nalchhity,10420073,8308,483,25738,11417,14321,172,40,397,10456,2540,3342
Rajapur,10420084,5111,378,16760,7230,9530,48,34,471,6985,1600,2133
Bauphal,10780038,20664,1358,62601,26735,35866,350,104,764,27508,4957,6896
Dashmina,10780052,10933,1025,32608,14007,18601,207,39,518,14239,2349,3298
Dumki,10780055,2837,112,9429,3873,5556,56,13,149,4182,831,1249
Galachipa,10780057,13866,1253,38020,17871,20149,156,60,576,14722,3273,4113
Kalapara,10780066,16707,1081,43178,20901,22277,262,64,555,16987,3377,4145
Mirzaganj,10780076,5611,356,18276,7476,10800,114,30,353,8150,1398,2264
Patuakhali Sadar,10780095,17435,1749,54990,23162,31828,270,113,912,22907,4545,7059
Rangabali,10780097,18060,1631,49520,23277,26243,204,79,750,19176,4263,5358
Bhandaria,10790014,6097,305,18007,8542,9465,117,27,466,6642,1862,2491
Kawkhali,10790047,2210,240,6371,3026,3345,17,8,117,2209,682,888
Mathbaria,10790058,8604,678,28260,13560,14700,260,50,1658,10023,3038,3949
Nazirpur,10790076,9406,542,26755,12552,14203,87,40,337,9738,2722,3883
Pirojpur Sadar,10790080,5754,494,17150,8009,9141,90,22,230,5867,1935,2758
Nesarabad (Swarupkathi),10790087,6220,604,19171,8626,10545,56,20,170,6447,2180,3474
Indurkani,10790090,3855,238,10976,5419,5557,62,11,305,3998,1197,1310
Alikadam,20030004,8089,3916,20872,10032,10840,217,80,446,5259,1280,1585
Bandarban Sadar,20030014,10565,3295,27389,12925,14464,144,103,234,8515,1982,2551
Lama,20030051,15266,3427,40092,19236,20856,274,130,768,13815,2928,3484
Naikkhongchhari,20030073,9180,966,24965,11861,13104,261,81,381,9843,2039,2214
Rowangchhari,20030089,5193,3550,13125,6020,7105,28,24,211,2832,588,699
Ruma,20030091,6005,3880,15335,7425,7910,56,38,457,3030,907,962
Thanchi,20030095,4884,2945,11536,5453,6083,32,41,73,2559,464,538
Akhaura,20120002,10737,579,33905,15215,18690,188,88,210,13435,4080,4588
Banchharampur,20120004,32840,1686,105605,44664,60941,540,122,2017,49178,9267,9955
Bijoynagar,20120007,30093,1480,85109,39519,45590,434,101,1062,36055,7930,7954
Brahmanbaria Sadar,20120013,38598,3247,124735,58802,65933,709,197,5270,47697,14225,14792
Ashuganj,20120033,15749,2758,47648,21673,25975,287,74,485,17230,5152,5913
Kasba,20120063,24676,1643,79144,35397,43747,615,105,1863,32682,8243,9317
Nabinagar,20120085,45969,3265,145877,65036,80841,899,221,3757,62113,14411,15242
Nasirnagar,20120090,38810,2601,115154,52943,62211,696,203,3964,48692,9473,10715
Sarail,20120094,34548,3973,105286,47268,58018,664,243,1470,42356,10586,11446
Chandpur Sadar,20130022,31886,2036,90881,43301,47580,455,165,500,33807,10460,11572
Faridganj,20130045,20661,817,68239,30056,38183,452,84,724,28098,8219,9184
Haimchar,20130047,9833,530,26525,12459,14066,119,54,165,10903,2342,2579
Hajiganj,20130049,18421,684,57433,26314,31119,316,74,483,21996,7094,8365
Kachua,20130058,29141,1598,87681,39834,47847,433,139,998,35895,9262,10215
Matlab Dakkhin,20130076,14476,617,44352,18937,25415,184,55,299,19194,3978,5549
Matlab Uttar,20130079,21735,841,63036,27324,35712,180,55,248,27476,5161,7340
Shahrasti,20130095,12252,428,38338,17456,20882,211,27,280,14194,4713,6233
Anwara,20150004,19072,1078,66021,27734,38287,487,120,1117,28603,7058,8486
Banshkhali,20150008,47121,4406,146100,67519,78581,1884,436,3337,57324,15177,16415
Boalkhali,20150012,9857,746,35651,14586,21065,275,74,646,14782,3808,5463
Chandanaish,20150018,18811,1561,52297,24271,28026,290,107,692,20224,4478,6134
Fatikchhari,20150033,38646,6702,127517,56327,71190,1041,324,4380,48784,12260,15380
Hathazari,20150037,17227,2110,62827,26551,36276,436,81,1007,23209,7881,10876
Karnaphuli,20150039,5467,423,17718,7586,10131,101,27,255,7180,1763,2501
Lohagara,20150047,16896,1695,58549,25041,33508,634,168,1304,23971,6207,7674
Mirsarai,20150053,27619,1522,91841,36917,54924,675,164,1081,42619,7542,10619
Patiya,20150061,27342,2114,88609,37941,50669,504,137,1275,35910,8820,12508
Rangunia,20150070,26643,2751,76959,35722,41237,528,146,1669,29596,6882,8744
Raozan,20150074,15232,1093,51194,21925,29269,333,62,1121,20717,5239,7397
Sandwip,20150078,20314,1063,72563,31228,41335,798,114,2096,31219,8020,8939
Satkania,20150082,23205,1981,78047,32989,45058,497,133,1308,31482,7979,11462
Sitakunda,20150086,27256,3028,80632,35718,44914,470,137,622,31531,7370,10218
Akbarshah,20151602,9209,4572,25880,11913,13967,162,101,150,6469,2393,2825
Bayejid Bostami,20151606,10866,5001,31534,13896,17638,149,61,183,8563,2698,4013
Bakalia,20151610,24518,9421,63434,30766,32668,226,128,305,15653,5717,7466
Chalk Bazar,20151616,3460,1819,11267,5483,5785,319,47,89,2503,1615,1415
Chandgaon,20151619,11728,5297,34564,15101,19463,96,64,261,9966,3016,4136
Chattogram Port,20151620,6283,3402,20089,8372,11717,74,29,171,5786,1844,2500
Doublemooring,20151628,13154,5610,35147,16160,18987,87,56,191,9508,2729,3813
Epz,20151631,1723,603,5161,2201,2960,24,12,35,1770,419,576
Halishahar,20151635,7092,3546,21991,9521,12470,74,59,151,6074,2204,2791
Kotwali,20151641,7152,3761,23287,11331,11955,659,96,183,5173,3337,2926
Khulshi,20151643,8396,4169,23597,10862,12735,147,93,137,5898,2181,2575
Pahartali,20151655,11496,5092,32199,14707,17492,130,66,173,8471,2908,3863
Panchlaish,20151657,11395,7368,33581,14894,18687,99,57,212,7018,3188,4244
Patenga,20151665,4593,1606,13757,5867,7890,65,32,92,4717,1117,1534
Sadarghat,20151677,7204,3073,19250,8851,10399,47,31,104,5207,1495,2088
Barura,20190009,33149,1380,101574,45553,56021,452,115,978,42204,10974,12322
Brahmanpara,20190015,272,786,48874,21046,27828,266,99,355,20564,5260,6379
Burichang,20190018,272,1402,67715,29436,38279,418,107,544,28501,7040,8269
Chandina,20190027,272,2048,93135,41026,52109,609,197,808,37612,10095,12252
Chauddagram,20190031,31124,2402,102696,43776,58920,789,153,1417,43581,10446,12784
Sadar Dakkhin,20190033,13512,887,40966,18134,22832,266,59,445,16750,3911,5136
Daudkandi,20190036,30909,2006,92531,40511,52020,558,162,950,38959,8094,10893
Debidwar,20190040,31057,1987,105356,44108,61248,446,116,1096,45157,11509,13988
Homna,20190054,24407,971,74162,32945,41217,455,107,594,31897,7489,8242
Adarsha Sadar,20190067,29327,4578,86333,39687,46646,381,116,537,30110,9442,11841
Laksam,20190072,21462,1140,66743,29792,36951,367,122,429,26589,7534,9100
Lalmai,20190073,14398,945,43653,19323,24330,283,63,474,17849,4168,5473
Manoharganj,20190074,12930,482,47690,20622,27068,507,51,632,19377,6553,7158
Meghna,20190075,13244,1215,36920,16422,20498,172,55,253,16066,2753,3162
Muradnagar,20190081,45630,2931,147591,63683,83908,670,186,2444,62678,14939,18113
Nangalkot,20190087,27686,1184,93648,40945,52703,825,127,918,39189,11516,12203
Titas,20190094,19565,903,62099,26590,35509,453,128,530,27461,6042,7017
Sadar Dakkhin,20195033,4948,325,15003,6641,8362,97,22,163,6134,1432,1881
Adarsha Sadar,20195067,2904,453,8549,3930,4619,38,12,53,2982,935,1173
Chakaria,20220016,42679,4383,119906,57046,62860,1948,349,1742,46433,10677,11695
Coxs Bazar Sadar,20220024,30469,2417,73614,37113,36500,540,105,1126,28684,4978,5294
Eidgaon,20220032,21762,1726,52579,26509,26071,386,75,805,20488,3556,3782
Kutubdia,20220045,12451,971,39410,19061,20349,375,122,1842,14596,4393,4660
Maheshkhali,20220049,50937,3173,131052,67684,63368,1248,294,1839,46027,13660,13874
Pekua,20220056,21533,1748,58461,28197,30264,811,191,1055,23824,4798,4501
Ramu,20220066,30109,1920,85980,40290,45690,946,218,1774,35486,7461,8066
Teknaf,20220090,35437,2479,112370,52513,59857,1262,224,2693,42507,13121,14647
Ukhia,20220094,27301,2010,74588,35230,39358,578,164,912,30490,6439,6694
Chhagalnaiya,20300014,8927,472,31275,12546,18729,266,52,543,13920,2810,4285
Daganbhuiyan,20300025,13069,550,44377,17932,26445,362,80,403,19944,4098,5871
Feni Sadar,20300029,25129,2365,83987,35032,48955,638,135,1165,35666,8100,10789
Fulgazi,20300041,7528,323,21769,9508,12261,151,31,79,9267,1750,2640
Parashuram,20300051,6111,247,18501,7560,10941,105,23,64,8566,1280,2105
Sonagazi,20300094,16116,669,56962,22493,34469,441,102,634,26981,5302,6717
Dighinala,20460043,10943,3489,33115,13680,19435,201,81,234,12680,2302,3185
Guimara,20460047,3776,1135,11168,4601,6566,45,15,31,4417,749,999
Khagrachhari Sadar,20460049,9334,1819,28346,11771,16575,176,79,255,11984,2006,2693
Lakkhichhari,20460061,3824,1911,11343,4881,6462,55,30,334,3796,668,725
Mahalchhari,20460065,6311,1845,17137,7388,9749,87,28,69,6667,921,1209
Manikchhari,20460067,6040,1199,17660,7505,10155,83,31,129,7243,1253,1682
Matiranga,20460070,13380,1440,38106,16181,21925,170,59,258,17378,2373,3048
Panchhari,20460077,7062,1154,21556,8976,12580,146,79,289,9351,1479,1996
Ramgarh,20460080,2497,750,7384,3043,4342,29,10,21,2921,496,661
Kamalnagar,20510033,26236,1567,74558,35123,39435,636,207,705,30702,7546,6959
Lakshmipur Sadar,20510043,49108,2707,152254,69260,82994,1026,288,1183,60573,17943,19426
Raipur,20510058,21058,995,61639,27943,33696,304,99,396,26161,6185,6441
Ramganj,20510065,12066,645,42059,18313,23746,283,63,533,16358,5431,6680
Ramgati,20510073,28005,1947,79140,37015,42125,430,186,479,31535,8101,8457
Begumganj,20750007,25413,1702,95454,42535,52919,955,127,726,34752,15440,16337
Chatkhil,20750010,8310,292,31250,14582,16668,423,35,356,10771,5493,5570
Companiganj,20750021,16368,807,53665,23591,30074,479,104,674,22853,6070,6310
Hatiya,20750036,55585,5349,164154,77979,86175,1653,625,4197,63161,16544,17040
Kabirhat,20750047,14074,897,46415,20113,26302,440,99,495,19665,5104,5641
Senbag,20750080,15336,658,52775,22708,30067,756,122,522,21705,6094,7582
Sonaimuri,20750083,11502,490,48963,20541,28422,664,51,545,19560,7830,8321
Subarnachar,20750085,34492,1546,99827,46482,53345,740,191,1104,41540,10146,10068
Noakhali Sadar,20750087,33873,2934,116293,50150,66143,950,231,825,47819,14502,15159
Baghaichhari,20840007,10845,3995,34059,14363,19696,121,62,1289,12966,2108,2673
Barkal,20840021,4309,2708,15980,6471,9509,44,23,1257,5763,861,1015
Kawkhali,20840025,5648,1063,18605,7806,10799,58,35,924,8248,1176,1453
Belaichhari,20840029,4429,1934,12779,5631,7148,34,29,339,4267,829,918
Kaptai,20840036,4892,2292,14324,6169,8155,44,22,327,4574,906,1267
Jurachhari,20840047,3637,2310,10742,4290,6452,44,32,165,3454,444,656
Langadu,20840058,8584,1055,23811,10709,13102,145,40,381,10080,1599,1927
Naniarchar,20840075,4231,1104,13416,5447,7969,53,33,464,5887,699,945
Rajasthali,20840078,3100,1099,8965,3803,5162,32,22,211,3436,460,605
Rangamati Sadar,20840087,8106,2191,24803,10038,14765,118,67,268,10197,1546,2310
Dhamrai,30260014,48739,5110,128646,56292,72354,276,126,1344,58188,5933,8930
Dohar,30260018,17470,877,53841,23886,29955,296,64,455,22318,5665,6696
Keraniganj,30260038,69361,12232,175306,84491,90815,640,309,1003,61562,13487,16712
Nawabganj,30260062,26738,1501,78899,34202,44697,262,61,722,35169,6480,7966
Savar,30260072,99174,48234,262046,121568,140478,761,605,1247,66773,20386,24866
Bangshal,30262005,15485,2130,27835,17367,10468,64,19,153,5853,1665,2466
Chakbazar,30262009,11820,2273,25315,15908,9407,44,25,104,5083,3940,2026
Demra,30262012,13137,3856,35003,16888,18115,105,55,124,10191,3522,4013
Dhanmondi,30262016,3078,5695,12867,3935,8932,26,23,118,2115,712,1100
Gendaria,30262024,8408,2631,20490,10162,10328,73,32,89,5580,1592,2085
Hazaribag,30262028,14058,5310,34901,17200,17701,89,48,113,8574,2940,3769
Jatrabari,30262029,30480,8064,73192,38551,34641,255,112,237,18898,7579,7567
Kadamtali,30262032,24153,5773,58613,29637,28976,191,83,210,16509,5083,6611
Kalabagan,30262033,4754,4164,13572,5793,7779,34,15,81,2335,924,1265
Kamrangichar,30262034,10391,2665,23837,12468,11369,53,30,92,6366,1932,2308
Khilgaon,30262036,23610,9169,59514,28849,30665,149,96,210,14958,4880,6442
Kotwali,30262040,4691,535,7986,5264,2722,38,13,47,1605,488,569
Lalbag,30262042,31209,10097,77347,38370,38977,218,142,268,20082,6675,8656
Motijheel,30262054,5767,3991,16156,7106,9050,48,22,80,3184,1212,1852
Mugda,30262057,9890,3276,23809,12240,11569,172,47,98,5706,2080,2540
Newmarket,30262063,1582,877,3599,1823,1776,5,15,48,600,188,284
Paltan,30262065,3370,2271,7208,3984,3224,30,3,39,528,545,422
Ramna,30262066,4242,3030,12022,5277,6745,95,43,84,2389,857,1283
Sabujbag,30262068,18009,5964,43353,22288,21065,314,85,179,10390,3786,4626
Shahjahanpur,30262073,3320,2298,9303,4092,5211,27,13,46,1834,698,1067
Shahbag,30262075,2362,1049,6157,3110,3047,43,76,64,1328,641,594
Shyampur,30262076,15503,4387,35349,18352,16997,88,51,138,8920,2623,3639
Shere Bangla Nagar,30262080,413,287,1175,514,661,3,2,6,234,92,138
Sutrapur,30262088,4108,1405,9431,4827,4604,12,8,53,2184,654,1007
Wari,30262098,7141,2443,16394,8391,8003,20,14,93,3796,1137,1750
Adabar,30262502,16468,8424,41014,19608,21406,110,86,176,9016,2854,3880
Badda,30262504,19826,8928,49406,23830,25575,176,92,190,12075,3639,4481
Bimanbandar,30262506,290,209,1041,445,596,30,27,5,238,120,122
Banani,30262507,5346,4817,15600,6591,9009,65,50,98,2751,1082,1390
Cantonment,30262508,3242,2819,11713,4516,7197,20,27,200,2946,1054,1405
Dakkhinkhan,30262510,12290,6673,34337,15519,18818,146,52,106,8398,2977,3695
Darussalam,30262511,12700,5248,30699,15121,15578,107,79,112,7459,2202,2792
Dhanmondi,30262516,424,783,1770,541,1229,4,3,16,291,98,151
Bhasantek,30262521,5047,3498,14453,6371,8082,36,29,58,2993,1231,1562
Bhatara,30262522,12816,5772,31939,15406,16534,114,59,123,7806,2352,2896
Gulshan,30262526,7570,6821,22087,9332,12755,93,72,138,3896,1531,1967
Hatirjheel,30262527,3172,2218,9972,4380,5593,43,14,69,2236,1096,1125
Kafrul,30262530,15310,10613,43846,19329,24517,110,86,174,9078,3734,4740
Khilkhet,30262537,8046,2882,20813,9877,10936,68,25,118,6017,1645,2012
Mirpur,30262548,18549,12304,55797,24023,31774,155,105,264,12832,5055,6533
Mohammadpur,30262550,21775,12023,59640,27424,32216,210,116,340,13579,5099,6498
Pallabi,30262564,29564,17767,81433,36827,44607,270,132,353,17988,6639,8719
Ramna,30262566,4844,3460,13730,6027,7703,108,49,95,2729,979,1465
Rampura,30262567,5807,4062,18259,8018,10240,78,25,126,4094,2007,2059
Rupnagar,30262570,8414,5057,23177,10481,12695,77,38,101,5119,1890,2482
Shah Ali,30262574,7822,4617,21227,9816,11411,77,42,61,4472,1856,2280
Shere Bangla Nagar,30262580,6140,4259,17469,7648,9821,41,36,97,3480,1370,2046
Tejgaon,30262590,8695,5453,20537,10153,10384,62,32,81,3212,1315,1687
Tejgaon Shilpa Elaka,30262592,12115,5555,25443,13880,11563,68,45,91,4199,1606,1764
Turag,30262593,14690,6497,35513,17830,17683,122,60,93,7659,2925,3467
Uttra Pashchim,30262594,5853,4843,16829,7345,9484,37,33,159,2912,1296,1697
Uttara Purba,30262595,1999,1654,5748,2509,3239,13,11,54,994,443,579
Uttarkhan,30262596,4588,1594,13139,6123,7016,34,27,42,3795,1459,1600
Alfadanga,30290003,10317,350,27923,12369,15554,42,15,109,12578,1901,2611
Bhanga,30290010,28267,1041,79833,35728,44105,351,113,592,35332,6518,7619
Boalmari,30290018,29774,959,77153,36117,41036,144,60,344,33013,5855,7004
Char Bhadrasan,30290021,8161,200,21768,9815,11953,114,17,96,10095,1444,1641
Faridpur Sadar,30290047,47005,5475,125229,56899,68330,398,171,586,50794,8910,11890
Madhukhali,30290056,21831,1000,56144,25666,30478,99,48,190,24366,3546,5064
Nagarkanda,30290062,21890,834,58086,26846,31240,172,75,390,24935,4394,5396
Sadarpur,30290084,22863,772,62345,27991,34354,251,84,367,28301,4510,5197
Saltha,30290090,22855,894,59223,28838,30385,141,75,671,24035,5171,5381
Gazipur Sadar,30330030,37022,19723,99378,46302,53075,370,236,658,24076,8252,9040
Kaliakair,30330032,43585,15551,117717,51673,66044,310,230,957,40707,6821,9556
Kaliganj,30330034,18377,1449,50384,23667,26717,238,66,483,20147,4569,5055
Kapasia,30330036,29552,1561,80105,37009,43096,343,109,1418,34004,5696,7422
Sreepur,30330086,44599,8643,118056,54273,63783,409,217,1284,44736,7981,10187
Basan,30333315,8905,4744,23903,11137,12766,89,57,158,5791,1985,2174
Gachha,30333318,7333,3907,19684,9171,10513,73,47,130,4769,1634,1791
Kashimpur,30333340,10980,5849,29473,13732,15741,110,70,195,7140,2447,2681
Konabari,30333345,4929,2626,13232,6165,7067,49,31,88,3206,1099,1204
Pubail,30333350,13019,6936,34947,16282,18664,130,83,231,8466,2902,3179
Tongi Pashchim,30333390,5155,2746,13838,6447,7390,52,33,92,3352,1149,1259
Tongi Purba,30333393,3623,1930,9724,4531,5193,36,23,64,2356,807,885
Joydebpur,30333399,31820,16952,85413,39796,45617,318,203,565,20693,7092,7770
Gopalganj Sadar,30350032,22316,1519,64362,28896,35466,196,83,537,26407,5847,7457
Kashiani,30350043,15591,655,44634,19689,24945,139,36,297,19364,3662,4890
Kotalipara,30350051,13644,683,42172,17687,24485,57,36,185,17528,3801,6238
Muksudpur,30350058,24944,1528,72179,31796,40383,244,89,495,30890,6113,7876
Tungipara,30350091,7323,374,20008,9634,10374,61,21,263,7561,1987,2418
Austagram,30480002,21666,1410,60011,27745,32266,298,121,789,24928,4992,5807
Bajitpur,30480006,28481,1444,77942,35525,42417,257,65,449,33950,6338,6958
Bhairab,30480011,29559,2524,84397,38776,45621,312,90,264,33507,8641,9500
Hossainpur,30480027,24185,1099,62517,29981,32536,288,101,320,26028,5188,5308
Itna,30480033,28239,2156,71268,35416,35852,249,86,762,27049,6166,6561
Karimganj,30480042,36333,1728,95097,44074,51023,320,86,516,40916,6905,8293
Katiadi,30480045,39057,2151,108864,50179,58685,589,146,981,46244,9552,10144
Kishoreganj Sadar,30480049,42843,3207,115800,54875,60925,480,182,510,45790,11042,11746
Kuliarchar,30480054,18509,1636,53398,24078,29320,294,90,467,22227,4808,5367
Mithamain,30480059,18739,1741,48491,23120,25371,149,84,442,19071,3790,4475
Nikli,30480076,23200,739,58339,27853,30486,150,55,208,25007,4295,4685
Pakundia,30480079,25612,1194,65589,31367,34222,182,74,431,27426,5142,5528
Tarail,30480092,24776,981,61248,30018,31230,170,57,209,25168,4863,5024
Dasar,30540018,6589,278,18829,8281,10548,76,36,156,8412,1459,1822
Kalkini,30540040,17481,739,49952,21968,27984,201,94,415,22317,3872,4834
Madaripur Sadar,30540054,31103,2471,90052,39774,50278,409,176,1171,37691,7091,9940
Rajoir,30540080,22686,1141,62910,27910,35000,195,86,472,28430,4557,5343
Shibchar,30540087,37793,5814,99793,45442,54351,359,146,892,40476,6398,7915
Daulatpur,30560010,24519,959,69088,28976,40112,154,53,611,34423,3692,4677
Ghior,30560022,16078,709,44011,18620,25391,77,32,457,21568,2008,3082
Harirampur,30560028,16943,842,46030,20014,26016,76,50,357,21600,2638,3524
Manikganj Sadar,30560046,30521,2393,85229,36129,49100,144,46,380,39741,5084,6920
Saturia,30560070,22876,1253,60761,25695,35066,129,59,237,30028,2453,3726
Shibalay,30560078,20673,1022,55127,24023,31104,125,33,289,26055,2936,3994
Singair,30560082,35898,1327,95910,42826,53084,277,68,631,44204,6020,7485
Gazaria,30590024,12932,1021,34383,15512,18871,138,41,167,14364,2275,3445
Louhajang,30590044,15285,1297,39914,19213,20701,86,30,162,15460,3680,3914
Munshiganj Sadar,30590056,36538,3783,93500,44172,49328,304,134,581,37010,6749,8401
Sirajdikhan,30590074,28917,4409,73424,35287,38137,252,76,446,26459,5672,7193
Sreenagar,30590084,21831,1581,59298,27662,31636,213,61,517,24321,5101,5673
Tongibari,30590094,18253,1972,46128,21967,24161,134,42,305,17585,3275,4562
Araihazar,30670002,44425,4330,118191,55124,63067,239,144,533,47157,9927,11436
Sonargaon,30670004,38237,5131,99793,46748,53045,299,130,463,37462,7749,10322
Bandar,30670006,17857,4462,49328,22101,27226,225,67,200,17565,3819,5133
Narayanganj Sadar,30670058,66471,28812,171880,80998,90882,404,265,647,45213,13476,16591
Rupganj,30670068,48414,12762,125886,59606,66280,404,145,584,40922,10204,12451
Bandar,30674406,5937,1483,16401,7349,9053,75,22,67,5840,1270,1707
Narayanganj Sadar,30674458,32754,14198,84696,39913,44783,199,130,319,22280,6641,8176
Belabo,30680007,20064,1052,53657,24318,29339,103,53,253,23481,3898,4753
Manohardi,30680052,29275,2182,78768,36162,42606,267,118,671,33400,5949,6906
Narsingdi Sadar,30680060,74879,9483,197242,95919,101323,594,244,754,71317,19692,20279
Palash,30680063,15856,2012,42756,19957,22799,99,44,173,16358,3829,4385
Raipura,30680064,60801,3128,173341,78973,94368,723,163,1169,74678,16280,16399
Shibpur,30680076,25047,2100,67190,30944,36246,275,93,468,27675,5154,6378
Baliakandi,30820007,25630,695,62260,29002,33258,78,42,401,27920,2893,4601
Goalanda,30820029,15890,2056,43152,19284,23868,132,58,135,18086,3127,3668
Kalukhali,30820047,23270,767,54749,25961,28788,72,41,141,24348,2478,3632
Pangsha,30820073,38777,959,91660,43910,47750,155,74,294,40725,4684,5992
Rajbari Sadar,30820076,34849,1869,92754,41225,51529,159,70,392,41138,5825,8452
Bhedarganj,30860014,28066,1238,74758,34002,40756,208,108,370,33166,5358,6244
Damudya,30860025,9203,617,27477,11786,15691,77,27,278,12438,2228,2609
Gosairhat,30860036,17994,1808,47653,21631,26022,134,78,314,20653,3189,3483
Naria,30860065,20016,1180,59982,26276,33706,214,90,523,26269,5523,6167
Shariatpur Sadar,30860069,20334,1534,54031,24247,29784,184,57,422,24043,3307,4150
Zajira,30860094,23985,902,63219,29356,33863,278,80,248,27035,4845,5846
Basail,30930009,17231,560,51028,21069,29959,156,45,628,25135,3054,4219
Bhuanpur,30930019,23965,764,64460,28846,35614,155,45,259,29810,4467,4995
Delduar,30930023,23481,1010,64240,27479,36761,164,44,359,31004,3475,4703
Dhanbari,30930025,26616,1360,66530,30576,35954,122,60,536,30136,3302,4398
Ghatail,30930028,57286,2699,149747,66791,82956,428,148,561,69710,8516,10399
Gopalpur,30930038,36185,1372,90079,41523,48556,285,66,436,41530,4617,5588
Kalihati,30930047,57378,5227,151584,67843,83741,432,124,701,67280,9332,11110
Madhupur,30930057,45305,2672,110801,52933,57868,344,144,676,47669,6608,7383
Mirzapur,30930066,40435,3329,117452,48619,68833,360,96,837,55109,6987,10299
Nagarpur,30930076,37470,1293,104539,44085,60454,265,86,560,51845,5790,7230
Sakhipur,30930085,39699,1503,111800,47964,63836,377,85,899,53562,6989,8686
Tangail Sadar,30930095,57506,4072,155373,67639,87734,328,108,859,71437,8946,12117
Bagerhat Sadar,40010008,14749,1435,40824,18788,22036,134,35,328,14721,3577,5845
Chitalmari,40010014,11014,433,30481,14164,16317,67,30,185,11897,2898,3957
Fakirhat,40010034,8915,738,24727,11210,13517,75,31,248,9404,1972,3344
Kachua,40010038,5769,282,15655,7290,8365,35,17,84,5806,1402,2260
Mollahat,40010056,11813,584,31467,15139,16328,67,41,334,12157,2925,3546
Mongla,40010058,10706,1335,27087,13348,13739,146,58,236,9441,2260,2905
Morelganj,40010060,13218,830,38578,17671,20907,374,66,782,15243,3297,4768
Rampal,40010073,10905,854,30220,13867,16353,253,54,278,11510,2431,3935
Sharankhola,40010077,8751,392,17645,10722,6923,117,25,340,4759,1514,1747
Alamdanga,40180007,51394,1803,121336,57895,63441,149,96,361,53546,5991,7996
Chuadanga Sadar,40180023,39518,2296,95351,45427,49924,237,66,244,40395,5428,7167
Damurhuda,40180031,36928,1465,88443,42970,45473,140,74,249,36463,5653,7471
Jibannagar,40180055,21716,1126,53199,25615,27584,39,37,133,21522,3727,4899
Abhaynagar,40410004,19158,3294,55203,23552,31651,73,55,148,21898,4173,6404
Bagharpara,40410009,20593,1043,55134,24771,30363,55,45,333,23679,3790,5596
Chaugachha,40410011,24472,844,61331,27785,33546,41,44,147,27315,3125,5343
Jhikargachha,40410023,28144,1488,74411,32389,42022,95,73,449,33710,3701,6751
Keshabpur,40410038,21939,1594,61867,25666,36201,84,72,249,28328,3394,6207
Jashore Sadar,40410047,51261,6798,141870,62792,79078,191,118,601,55822,10739,16340
Manirampur,40410061,40027,2034,107275,46203,61072,111,83,380,49284,5685,9671
Sharsha,40410090,34728,2437,88819,40116,48703,149,108,323,38335,4916,7823
Harinakundu,40440014,32321,777,73217,35742,37475,80,60,276,32576,3065,4062
Jhenaidah Sadar,40440019,52510,2908,133818,60496,73322,194,107,560,59740,7232,10567
Kaliganj,40440033,28041,1396,72522,32243,40279,57,43,217,32571,3928,6269
Kotchandpur,40440042,16748,662,41212,18916,22296,40,23,172,18419,1956,3192
Maheshpur,40440071,42557,1548,104212,49433,54779,138,78,335,44561,6403,8592
Shailkupa,40440080,51941,1729,126453,58837,67616,181,157,484,56731,6231,8999
Batiaghata,40470012,11655,1062,37425,16164,21261,139,51,327,14926,4043,5222
Dacope,40470017,9360,1280,32306,11975,20331,83,52,159,14189,2373,4810
Dumuria,40470030,26592,2601,76918,31608,45310,108,68,323,34138,4585,8503
Dighalia,40470040,8970,920,24773,11425,13348,88,34,116,9186,2251,3208
Koyra,40470053,14647,1311,47694,18618,29076,252,141,226,21539,3493,6085
Paikgachha,40470064,19373,2156,61462,24178,37284,92,72,226,26989,4487,8067
Phultala,40470069,5632,1099,17085,6955,10130,16,23,89,6908,1218,2100
Rupsa,40470075,11747,2594,33305,14856,18449,87,39,201,11471,2821,4345
Terokhada,40470094,12667,688,32760,15658,17102,106,40,144,13151,2741,3223
Daulatpur,40473321,5980,1305,17619,7790,9829,54,31,60,6094,1696,2399
Khalishpur,40473345,6933,2144,21729,9642,12087,70,35,48,6518,2591,3390
Khan Jahan Ali,40473348,3816,1010,11687,5062,6625,37,12,35,4018,1174,1585
Khulna Sadar,40473351,10058,4071,31660,13532,18128,84,39,113,9099,3277,4919
Sonadanga,40473385,6905,2341,21586,9143,12443,72,48,114,6795,2052,3259
Bheramara,40500015,25794,1246,62117,29954,32163,127,69,242,26486,3791,4362
Daulatpur,40500039,73499,3215,176370,83809,92561,439,252,1157,79131,8714,9963
Khoksa,40500063,18338,1113,44591,20568,24023,97,38,139,20060,1994,2812
Kumarkhali,40500071,48775,1962,117038,55406,61632,247,138,426,51486,5958,8046
Kushtia Sadar,40500079,59065,4620,146479,68009,78470,215,124,425,62037,8304,11689
Mirpur,40500094,56427,1507,127161,62251,64910,161,110,482,56295,5181,6998
Magura Sadar,40550057,40739,1818,105537,47501,58036,149,112,504,47416,6109,8690
Mohammadpur,40550066,23170,781,60535,27498,33037,95,42,409,27262,3824,4952
Shalikha,40550085,19121,612,49845,22284,27561,47,30,177,22550,2939,4369
Sreepur,40550095,19126,676,48620,21750,26870,65,46,176,22153,2383,3995
Gangni,40570047,49999,1648,116279,56215,60064,207,120,391,52038,5618,6258
Mujibnagar,40570060,14477,229,32711,16054,16657,19,21,126,14556,1432,1851
Meherpur Sadar,40570087,33864,1285,81131,38430,42701,157,81,175,35861,4234,5474
Kalia,40650028,22468,1086,60911,28186,32725,195,89,378,25160,5145,6390
Lohagara,40650052,20898,932,56970,25336,31634,140,46,230,24706,4068,5950
Narail Sadar,40650076,23817,1223,65645,28763,36882,108,50,302,28658,4536,6951
Ashashuni,40870004,23808,2578,72783,29580,43203,152,115,747,32449,4873,8061
Debhata,40870025,10575,1550,30222,12471,17751,39,13,91,13006,1766,3182
Kalaroa,40870043,24215,1196,63973,27417,36556,82,37,153,29835,2967,5488
Kaliganj,40870047,22500,2360,66209,27577,38632,164,60,362,28723,4551,7489
Satkhira Sadar,40870082,36731,4575,102752,43402,59350,137,105,268,43797,6266,10873
Shyamnagar,40870086,28138,3733,90664,35424,55240,310,206,468,39957,6508,11344
Tala,40870090,27671,1804,78511,32391,46120,76,67,688,36648,3956,7601
Bakshiganj,45390007,37392,2102,96076,44610,51466,308,128,682,42232,6228,7004
Dewanganj,45390015,42484,3506,110645,50679,59966,537,184,1228,48769,6430,7507
Islampur,45390029,54255,3145,139551,64633,74918,532,169,1402,62253,8444,9351
Jamalpur Sadar,45390036,86006,6984,219082,99938,119144,721,337,1766,97074,11445,14749
Madarganj,45390058,48425,2917,119725,55723,64002,402,161,945,53824,5951,7100
Melandaha,45390061,55495,2885,141060,64836,76224,463,171,857,64281,8021,8887
Sarishabari,45390085,45635,2658,113942,52320,61622,323,105,931,51505,5431,7354
Bhaluka,45610013,49913,6363,128267,59875,68392,476,172,587,52039,8899,9818
Dhobaura,45610016,28365,1550,76629,36506,40123,238,110,481,31356,7422,7107
Fulbaria,45610020,63523,3516,159965,76138,83827,697,263,1137,68274,10781,11774
Gafargaon,45610022,48003,2358,125162,59884,65278,621,238,1949,53445,9311,9237
Gouripur,45610023,40202,2736,104818,48423,56395,375,172,760,44823,7086,8664
Haluaghat,45610024,40474,2290,103316,48604,54712,343,141,713,44909,7074,7372
Ishwarganj,45610031,50756,2542,134908,64750,70158,701,194,992,55423,12301,11999
Mymensingh Sadar,45610052,56929,5305,153525,73011,80514,632,269,616,58744,14835,16195
Muktagachha,45610065,57817,3339,145151,69071,76080,417,189,560,61110,10277,11442
Nandail,45610072,56256,2331,144766,69607,75159,533,155,1100,61458,11718,11215
Fulpur,45610081,42700,2410,109726,52578,57147,387,150,640,45332,8852,9255
Tarakanda,45610088,42126,2378,108252,51873,56380,381,148,631,44724,8734,9130
Trishal,45610094,55664,2689,143405,70168,73237,653,229,1019,58230,12832,12089
Mymensingh Sadar,45614052,20017,1866,53982,25672,28310,222,94,216,20656,5216,5695
Atpara,45720004,20278,1511,54528,26094,28434,193,61,1441,22045,4182,4817
Barhatta,45720009,28287,1330,70554,34479,36075,217,106,441,28213,5534,6426
Durgapur,45720018,30375,1896,78542,38106,40436,319,109,466,31278,6946,7153
Khaliajuri,45720038,17832,1732,43550,21855,21695,175,71,442,15890,3406,4002
Kalmakanda,45720040,39247,1954,100402,48073,52329,337,104,684,41504,7805,8767
Kendua,45720047,42546,3119,115051,54034,61017,309,117,2599,47644,8580,10137
Madan,45720056,26120,1860,66139,32431,33708,265,101,498,25558,5548,6189
Mohanganj,45720063,24966,1166,62247,30410,31837,180,51,931,25323,4333,5297
Netrakona Sadar,45720074,46870,3643,122665,57523,65142,388,117,888,50445,9377,10937
Purbadhala,45720083,39299,2458,103128,48569,54559,599,161,750,42475,7921,9465
Jhenaigati,45890037,23060,2295,61301,32884,28417,294,157,1294,26215,3769,4217
Nakla,45890067,26934,1817,67731,36346,31385,266,125,380,29739,3805,4665
Nalitabari,45890070,36975,2237,92779,49080,43699,644,138,574,40960,5506,5745
Sherpur Sadar,45890088,79423,6732,204547,107400,97147,1020,524,3432,84513,13272,15631
Sreebardi,45890090,40411,2945,108883,58549,50334,450,236,2552,47815,6921,7553
Adamdighi,50100006,19416,1751,52887,23272,29615,109,35,412,23433,3335,4396
Bogura Sadar,50100020,42126,6519,111257,50264,60993,167,91,397,43537,7574,10846
Dhunat,50100027,48459,1995,121198,55302,65896,222,107,660,56125,5961,7669
Dupchachia,50100033,18039,950,49525,21106,28419,138,38,392,24044,2537,3387
Gabtali,50100040,41999,1754,102727,47368,55359,196,81,463,47568,4710,5956
Kahaloo,50100054,23321,1078,59867,26402,33465,80,51,167,28512,2834,3824
Nandigram,50100067,21297,728,57139,25552,31587,106,62,484,26456,3665,4341
Sariakandi,50100081,45175,2927,112510,51960,60550,301,194,769,50904,5715,6525
Shajahanpur,50100085,27990,1578,68299,32395,35904,100,51,432,29381,3873,4894
Sherpur,50100088,46028,2796,119433,53461,65972,235,124,961,53917,6237,9135
Shibganj,50100094,52648,2758,134910,61102,73808,318,172,925,61981,7211,8897
Sonatala,50100095,25844,1171,67899,29815,38084,194,90,466,32725,3311,4098
Akkelpur,50380013,13378,708,35147,15440,19707,65,48,169,16401,1828,2550
Joypurhat Sadar,50380047,27768,2242,70915,31470,39445,95,45,278,32577,3329,4581
Kalai,50380058,16083,657,44034,18670,25364,99,56,628,21693,1860,2958
Khetlal,50380061,13100,400,33867,14923,18944,49,26,124,16446,1650,2072
Panchbibi,50380074,25847,1884,66227,29875,36352,174,63,576,30103,3278,4302
Atrai,50640003,25919,1300,67780,29640,38140,131,57,385,32314,3205,4469
Badalgachhi,50640006,24545,1306,60719,27444,33275,54,39,321,27860,2524,4070
Dhamoirhat,50640028,22673,1369,53314,25784,27530,128,37,279,22644,2704,3480
Manda,50640047,46151,2055,125414,52610,72804,390,147,820,62757,5249,7845
Mahadebpur,50640050,33953,2454,84993,38230,46763,139,61,520,38630,3618,5618
Naogaon Sadar,50640060,43404,4515,113559,50419,63140,312,121,456,49028,6247,9476
Niamatpur,50640069,31296,3173,77519,35568,41951,97,63,423,33414,3752,5301
Patnitala,50640075,24834,1742,59885,28114,31771,138,74,232,25185,2910,4770
Porsha,50640079,16409,1113,38378,18979,19399,149,23,143,16245,2278,2018
Raninagar,50640085,22818,909,59780,26192,33588,149,62,183,28168,3042,4449
Sapahar,50640086,20985,822,50494,24796,25698,155,28,847,21927,2809,2921
Bagatipara,50690009,15934,699,40012,17938,22074,84,33,173,18900,1747,2442
Baraigram,50690015,37493,1362,91185,42459,48726,121,81,411,41369,4434,5914
Gurudaspur,50690041,32650,1926,82185,38259,43926,225,112,1108,36145,4276,5743
Lalpur,50690044,38901,1509,89744,44455,45289,159,68,725,37655,4670,6057
Naldanga,50690055,21434,1518,54069,24422,29647,104,46,250,24106,2634,3978
Natore Sadar,50690063,28000,1982,70633,31903,38730,135,59,327,31491,3441,5197
Singra,50690091,50376,1898,127580,58352,69228,195,117,830,58709,6951,8504
Bholahat,50700018,13025,816,31435,15821,15614,52,40,390,12521,2354,2237
Gomastapur,50700037,39806,1694,91597,45882,45715,149,63,276,38568,5651,5390
Nachole,50700056,17521,661,42293,20808,21485,140,37,529,18129,2618,2658
Chapainawabganj Sadar,50700066,63501,3991,159302,78081,81221,548,137,659,64014,13373,13079
Shibganj,50700088,89546,2184,208450,107285,101165,500,181,1182,84871,16057,13929
Atgharia,50760005,23245,1319,53261,25988,27273,70,62,196,22284,2477,3608
Bera,50760016,37110,3124,97517,45224,52293,264,91,670,40101,7180,8977
Bhangura,50760019,18025,641,44685,20911,23774,141,54,278,19754,2467,3325
Chatmohar,50760022,41822,2313,100051,47721,52330,212,105,956,43753,4731,6159
Faridpur,50760033,19559,626,46745,22343,24402,73,24,336,20628,2375,3124
Ishwardi,50760039,34405,2522,81901,40889,41012,285,122,564,31779,5635,6589
Pabna Sadar,50760055,76092,4231,179680,88749,90931,493,189,745,72742,11419,13769
Santhia,50760072,58607,2818,138780,67230,71550,230,123,793,59548,7600,9061
Sujanagar,50760083,42690,1894,106417,50535,55882,292,102,648,45662,6905,8224
Bagha,50810010,22628,784,58044,26642,31402,47,36,633,26156,3334,4426
Bagmara,50810012,44281,1206,120431,49861,70570,366,115,768,62039,4446,7210
Charghat,50810025,26676,1542,65748,30614,35134,73,48,442,29140,3423,4404
Durgapur,50810031,24818,1104,62146,27333,34813,61,54,144,30201,2310,3454
Godagari,50810034,36845,2134,91571,46113,45458,394,110,2224,36018,6650,7196
Mohanpur,50810053,17684,818,47642,20271,27371,101,46,311,22871,2175,3636
Paba,50810072,36557,3039,89754,42504,47250,212,90,364,36976,5371,7145
Puthia,50810082,26602,1027,65176,29914,35262,74,45,325,30142,2913,4048
Tanore,50810094,20161,2243,53160,23662,29498,144,90,746,23722,2611,3443
Boalia,50816622,5596,2201,16944,7172,9772,36,22,73,5403,1467,2146
Chandrima,50816624,3783,1488,11454,4848,6606,25,15,49,3653,991,1450
Kashiadanga,50816638,2730,813,8657,3900,4756,21,8,57,2911,1092,1024
Matihar,50816640,3974,824,11079,4871,6208,24,10,15,4159,858,1215
Rajpara,50816685,3542,1055,11230,5060,6171,27,11,74,3776,1417,1329
Shah Makhdum,50816690,1663,482,4544,2008,2536,5,13,22,1549,318,492
Belkuchi,50880011,40909,3141,105801,49588,56213,151,82,310,43544,8218,9446
Chouhali,50880027,22932,1264,58389,26354,32035,201,56,207,27787,3014,2928
Kamarkhanda,50880044,16901,1107,43537,19658,23879,69,22,130,19631,2558,3119
Kazipur,50880050,43293,2871,110283,50032,60251,196,116,1051,50047,5492,7217
Rayganj,50880061,51406,1929,127376,59250,68126,219,99,494,57548,7131,8550
Shahjadpur,50880067,85141,3861,215088,100633,114455,430,211,966,93127,14096,17256
Sirajganj Sadar,50880078,65729,4447,166906,77975,88931,424,148,523,70257,11299,14079
Tarash,50880089,29514,1313,75454,33902,41552,122,55,307,35483,3959,4701
Ullapara,50880094,75223,2717,189478,85506,103972,330,135,789,88734,9164,12386
Birampur,55270010,18427,1345,46679,21526,25153,86,50,355,20192,2658,3566
Birganj,55270012,35079,2993,91813,40085,51728,312,125,413,42137,4281,6473
Birol,55270017,28355,2191,71762,31798,39964,99,52,204,33410,3140,4311
Bochaganj,55270021,15000,2737,41890,17046,24844,106,67,132,19129,1808,2911
Chirirbandar,55270030,29110,2278,75226,33031,42195,112,49,488,35111,3321,4757
Fulbari,55270038,17969,1683,45037,20847,24190,103,40,275,19155,2500,3312
Ghoraghat,55270043,14631,1418,36350,16966,19384,109,44,255,15640,1971,2282
Hakimpur,55270047,7750,864,21095,9095,12000,81,23,73,9474,1191,1639
Kaharole,55270056,16150,1691,43983,17877,26106,39,19,93,21589,1595,2807
Khansama,55270060,19270,1261,49140,21558,27582,101,39,217,23413,1970,2869
Dinajpur Sadar,55270064,34019,6213,92597,41332,51265,111,72,334,36669,6868,8311
Nababganj,55270069,29003,1771,71272,33216,38056,100,65,646,31851,3467,4369
Parbatipur,55270077,37748,2680,94696,43098,51598,284,137,706,43380,4360,5401
Fulchhari,55320021,28556,1607,73775,34024,39751,220,88,714,33141,4534,4915
Gaibandha Sadar,55320024,54366,3707,148230,65252,82978,420,172,1238,67185,9228,11914
Gobindaganj,55320030,72104,3471,184684,83447,101237,407,203,1758,85970,9178,11593
Palashbari,55320067,31725,1510,84112,36655,47457,304,137,511,40456,4115,5354
Sadullapur,55320082,40003,1527,104435,46803,57632,260,140,423,48617,6117,7348
Saghata,55320088,37854,1833,101742,43655,58087,349,122,512,49772,4940,6360
Sundarganj,55320091,71961,3791,188591,83657,104934,599,242,2017,91063,9080,9838
Bhurungamari,55490006,34213,1667,89612,39765,49847,226,132,979,42356,4347,5692
Rajibpur,55490008,11036,309,27772,12234,15538,32,24,82,13877,1084,1328
Chilmari,55490009,17408,1045,45278,19796,25482,72,39,153,21859,2163,2539
Phulbari,55490018,20826,1694,57203,23871,33332,114,42,217,27641,2714,3955
Kurigram Sadar,55490052,37397,3653,105121,45883,59238,332,168,1989,47467,6165,7950
Nageshwari,55490061,57396,2234,153235,67102,86133,470,166,847,73700,8389,10033
Rajarhat,55490077,21928,1998,59570,24871,34699,88,50,322,28834,2533,3817
Roumari,55490079,30688,2303,83207,36866,46341,594,210,880,38445,4704,5383
Ulipur,55490094,54404,3387,143776,61806,81970,442,159,756,69840,6204,8584
Aditmari,55520002,28696,2210,74974,33301,41673,223,104,555,34462,3827,4897
Hatibandha,55520033,27295,2163,71150,31751,39399,294,141,1304,33394,2858,3701
Kaliganj,55520039,29819,2384,77307,34627,42680,194,100,619,35711,3995,4485
Lalmonirhat Sadar,55520055,40182,4180,109073,47981,61092,382,198,1204,48866,6213,7848
Patgram,55520070,23836,1529,59782,27611,32171,243,84,609,26678,2923,3880
Dimla,55730012,40289,1925,101465,47124,54341,370,139,558,45954,5907,6323
Domar,55730015,27245,1799,69736,31275,38461,405,127,309,32348,3316,4187
Jaldhaka,55730036,50566,3212,127877,58505,69372,738,210,754,58857,6447,7093
Kishoreganj,55730045,40107,2229,101214,46426,54788,428,117,484,46670,5407,5772
Nilphamari Sadar,55730064,55563,4254,144506,65186,79320,645,244,840,65081,8138,9741
Saidpur,55730085,28075,3252,74804,34274,40530,274,140,536,30654,5389,6484
Atowari,55770004,11334,1321,32689,19856,12833,23,24,202,16481,1274,2030
Boda,55770025,23615,2800,60913,34415,26498,229,72,383,27675,2271,3868
Debiganj,55770034,26533,2508,67685,37720,29965,201,66,385,31140,2846,4006
Panchagarh Sadar,55770073,26164,3122,68976,38396,30580,282,140,353,29052,3781,6082
Tentulia,55770090,13914,1234,35270,19435,15835,74,42,196,15590,1651,2569
Badarganj,55850003,41728,2102,99353,46583,52770,335,109,454,45621,4066,4938
Gangachara,55850027,41171,4411,109515,50330,59185,445,165,3369,48107,5345,6502
Kaunia,55850042,31615,3594,84544,38093,46451,373,153,487,36165,5618,6539
Rangpur Sadar,55850049,27048,3994,71072,32719,38353,224,99,409,28061,5038,6199
Mithapukur,55850058,67689,3603,170842,78586,92256,437,263,1195,77859,9265,10531
Pirgachha,55850073,41533,2159,111689,48606,63083,338,117,541,53206,6194,7601
Pirganj,55850076,55922,2492,141040,65442,75598,329,215,837,63852,8354,9039
Taraganj,55850092,19952,1168,48387,22532,25855,94,51,123,22255,2363,2381
Rangpur Sadar,55857549,40655,6003,106823,49178,57645,336,149,614,42176,7573,9317
Baliadangi,55940008,21409,1425,59524,24774,34750,207,74,297,29009,2861,4242
Haripur,55940051,18831,1043,48629,22033,26596,99,43,405,22355,2698,3155
Pirganj,55940082,26806,3294,71764,30372,41392,260,91,178,33198,3128,4809
Ranishankail,55940086,26430,1711,69037,30551,38486,99,37,151,31739,3871,4999
Thakurgaon Sadar,55940094,48222,5594,141081,58999,82082,419,196,3271,64485,7087,11807
Ajmiriganj,60360002,15083,721,41949,19350,22599,200,52,126,17076,3941,4750
Bahubal,60360005,23476,3461,65078,30714,34364,441,147,416,24503,6381,6253
Baniachong,60360011,43926,3471,119485,57114,62371,806,264,1454,45741,10928,12895
Chunarughat,60360026,31270,8501,97011,41955,55056,896,258,1411,35768,8378,10529
Habiganj Sadar,60360044,24471,2418,71103,32245,38857,491,147,916,28576,6369,7716
Lakhai,60360068,18201,1026,51640,22930,28710,181,66,268,22217,4280,5401
Madhabpur,60360071,34825,5087,102354,45062,57292,600,202,947,40478,8690,11525
Nabiganj,60360077,36879,2521,106225,49581,56644,723,188,894,41022,11085,12913
Shayestaganj,60360087,6157,609,17891,8114,9778,123,37,230,7190,1602,1942
Baralekha,60580014,18488,3735,61810,26716,35094,464,120,1601,23110,6163,8129
Juri,60580035,12163,4099,40100,17204,22896,632,178,636,13807,3773,4812
Kamalganj,60580056,23718,8185,73338,31964,41374,594,226,1401,24722,6251,8241
Kulaura,60580065,30351,5476,91245,40752,50493,852,273,1372,34346,8177,10398
Moulvibazar Sadar,60580074,28201,3013,80756,37056,43700,518,139,742,30523,7595,10025
Rajnagar,60580080,20196,3967,60376,27106,33270,593,177,694,21332,5623,7794
Sreemangal,60580083,31357,11743,97463,43063,54400,1030,335,1017,29706,9659,12616
Bishwambharpur,60900018,23029,2198,59405,28731,30674,398,130,411,22559,4893,5787
Chhatak,60900023,42447,3183,130335,58960,71375,1408,288,1657,50973,13448,16931
Derai,60900029,32254,2391,85509,41435,44074,344,143,850,32072,7987,9468
Dharmapasha,60900032,20863,956,52342,25767,26575,308,78,468,20513,4128,5028
Dowarabazar,60900033,31366,1658,88564,40855,47709,990,230,950,37532,7549,8289
Jagannathpur,60900047,27032,1661,80192,37793,42399,614,135,594,30334,9553,10269
Jamalganj,60900050,24023,1769,63769,30761,33008,274,110,619,23943,5845,7186
Madhyanagar,60900063,17326,794,43468,21398,22070,256,65,388,17035,3428,4176
Shalla,60900086,16084,1418,42569,20757,21812,142,56,726,15698,3805,4640
Shantiganj,60900087,25040,1310,67490,31803,35687,293,92,361,26648,6109,7637
Sunamganj Sadar,60900089,32487,2904,91770,42720,49050,533,190,725,35044,8975,10912
Tahirpur,60900092,31265,2785,81929,39814,42115,286,118,769,30004,7494,9208
Balaganj,60910008,11972,781,35050,15841,19209,247,58,338,14417,3284,3954
Beanibazar,60910017,15408,1737,53429,22498,30931,463,155,1148,20437,5479,8602
Bishwanath,60910020,18294,1234,62222,27400,34822,707,115,1030,24619,7369,8854
Companiganj,60910027,25934,2473,68076,33461,34615,423,125,691,24842,6413,7175
Dakkhin Surma,60910031,14879,1527,50881,21906,28976,314,71,1048,19843,5664,7534
Fenchuganj,60910035,7825,1134,24605,10861,13744,166,51,253,9012,2617,3547
Golapganj,60910038,20492,1277,68775,29374,39401,490,106,778,28460,7614,9558
Gowainghat,60910041,37832,3195,109995,51503,58492,1095,254,1912,42981,10664,12062
Jaintapur,60910053,16178,1967,49699,22620,27079,365,126,1755,19650,4322,5336
Kanaighat,60910059,19403,2148,75868,33588,42280,1618,381,4755,30879,7812,8872
Osmaninagar,60910060,15092,984,44186,19970,24216,311,72,427,18175,4140,4984
Sylhet Sadar,60910062,54819,11588,158387,72185,86202,1010,330,1571,53172,14785,21112
Zakiganj,60910094,16464,1211,57194,24050,33144,816,173,1877,25294,4893,6466
Airport,60915005,620,131,1792,817,975,11,4,18,602,167,239
Dakkhin Surma,60915031,270,28,923,397,525,6,1,19,360,103,137
Jalalabad,60915048,264,56,761,347,414,5,2,8,256,71,101
Kotwali,60915055,2180,461,6299,2871,3428,40,13,62,2115,588,840
Moglabazar,60915057,330,70,954,435,519,6,2,9,320,89,127
Shahparan,60915068,984,208,2843,1296,1547,18,6,28,954,265,379
